,year,band,species,beak depth (mm),beak length (mm)
0,1973,20123,fortis,8.05,9.25
1,1973,20126,fortis,10.45,11.35
2,1973,20128,fortis,9.55,10.15
3,1973,20129,fortis,8.75,9.95
4,1973,20133,fortis,10.15,11.55
5,1973,20136,fortis,9.85,11.15
6,1973,20138,fortis,8.85,10.05
7,1973,20142,fortis,10.15,11.25
8,1973,20143,fortis,8.15,9.15
9,1973,20146,fortis,8.55,9.25
10,1973,20149,fortis,10.65,11.75
11,1973,20150,fortis,8.05,9.05
12,1973,20152,fortis,9.75,11.15
13,1973,20155,fortis,10.15,11.25
14,1973,20156,fortis,9.85,10.45
15,1973,20157,fortis,9.75,10.65
16,1973,20163,fortis,8.35,10.05
17,1973,20164,fortis,8.55,10.45
18,1973,20169,fortis,10.25,11.45
19,1973,20172,fortis,9.35,11.15
20,1973,20174,fortis,10.15,10.95
21,1973,20176,fortis,8.55,9.55
22,1973,20177,fortis,8.85,10.65
23,1973,20178,fortis,9.85,10.05
24,1973,20181,fortis,10.75,11.25
25,1973,20183,fortis,9.85,10.85
26,1973,20203,fortis,8.45,10.05
27,1973,20206,fortis,10.55,11.95
28,1973,20211,fortis,8.35,9.85
29,1973,20215,fortis,8.25,9.35
30,1973,20217,fortis,10.95,12.05
31,1973,20218,fortis,9.15,10.35
32,1973,20219,fortis,8.85,10.65
33,1973,20221,fortis,10.05,10.95
34,1973,20229,fortis,9.55,10.25
35,1973,20230,fortis,12.15,12.65
36,1973,20233,fortis,9.55,10.65
37,1973,20235,fortis,9.75,10.75
38,1973,20239,fortis,9.25,10.15
39,1973,20243,fortis,9.05,10.25
40,1973,20244,fortis,8.45,10.35
41,1973,20246,fortis,9.55,10.55
42,1973,20247,fortis,9.95,10.95
43,1973,20249,fortis,10.65,11.65
44,1973,20250,fortis,7.95,9.85
45,1973,20253,fortis,10.65,11.15
46,1973,20256,fortis,9.15,10.05
47,1973,20258,fortis,10.05,11.15
48,1973,20263,fortis,9.75,10.95
49,1973,20268,fortis,10.05,11.05
50,1973,20269,fortis,9.65,10.65
51,1973,20271,fortis,9.45,10.85
52,1973,20272,fortis,10.75,11.05
53,1973,20275,fortis,9.85,11.05
54,1973,20276,fortis,11.15,11.55
55,1973,20277,fortis,10.85,11.25
56,1973,20278,fortis,8.55,10.25
57,1973,20282,fortis,10.25,11.05
58,1973,20292,fortis,8.35,9.95
59,1973,20296,fortis,9.15,10.65
60,1973,20299,fortis,9.35,9.95
61,1973,20301,fortis,10.15,11.05
62,1973,20302,fortis,9.75,10.75
63,1973,20306,fortis,10.75,11.75
64,1973,20307,fortis,9.35,10.25
65,1973,20308,fortis,8.65,9.45
66,1973,20309,fortis,10.35,11.85
67,1973,20310,fortis,10.55,10.95
68,1973,20313,fortis,9.45,10.35
69,1973,20317,fortis,8.85,10.15
70,1973,20318,fortis,9.45,10.45
71,1973,20320,fortis,9.85,11.35
72,1973,20324,fortis,9.15,9.85
73,1973,20121,scandens,9.35,15.15
74,1973,20125,scandens,9.75,15.05
75,1973,20135,scandens,8.35,14.45
76,1973,20159,scandens,9.55,14.05
77,1973,20160,scandens,8.55,14.25
78,1973,20175,scandens,9.85,14.65
79,1973,20182,scandens,10.65,15.45
80,1973,20187,scandens,9.55,15.15
81,1973,20200,scandens,9.85,14.95
82,1973,20207,scandens,9.75,13.65
83,1973,20220,scandens,7.95,14.65
84,1973,20224,scandens,9.95,15.65
85,1973,20245,scandens,9.55,14.05
86,1973,20254,scandens,9.15,13.85
87,1973,20259,scandens,10.45,14.95
88,1973,20274,scandens,9.15,13.15
89,1975,2,fortis,8.0,9.4
90,1975,9,fortis,8.3,9.2
91,1975,12,fortis,7.5,9.5
92,1975,15,fortis,8.0,9.5
93,1975,305,fortis,9.9,11.5
94,1975,307,fortis,8.6,11.1
95,1975,308,fortis,8.4,9.9
96,1975,309,fortis,9.8,11.5
97,1975,311,fortis,9.2,10.8
98,1975,312,fortis,9.0,11.3
99,1975,313,fortis,9.5,11.5
100,1975,314,fortis,8.9,11.5
101,1975,315,fortis,8.8,9.7
102,1975,316,fortis,9.7,10.9
103,1975,316,fortis,9.85,10.9
104,1975,320,fortis,8.9,10.1
105,1975,321,fortis,8.5,10.6
106,1975,323,fortis,8.2,9.6
107,1975,324,fortis,9.3,10.3
108,1975,326,fortis,9.1,10.5
109,1975,328,fortis,8.8,10.5
110,1975,329,fortis,9.4,10.9
111,1975,330,fortis,9.6,11.2
112,1975,340,fortis,8.5,9.4
113,1975,341,fortis,8.1,10.1
114,1975,342,fortis,8.0,9.6
115,1975,343,fortis,9.7,10.5
116,1975,344,fortis,8.2,9.9
117,1975,345,fortis,8.4,9.9
118,1975,346,fortis,7.9,9.6
119,1975,347,fortis,9.3,10.7
120,1975,348,fortis,10.5,11.8
121,1975,349,fortis,9.7,10.2
122,1975,350,fortis,9.6,10.9
123,1975,352,fortis,7.7,9.3
124,1975,354,fortis,9.8,11.6
125,1975,355,fortis,9.8,11.2
126,1975,356,fortis,8.5,10.1
127,1975,360,fortis,9.2,10.7
128,1975,366,fortis,10.1,11.0
129,1975,368,fortis,9.0,10.8
130,1975,369,fortis,9.0,10.2
131,1975,401,fortis,9.4,10.8
132,1975,402,fortis,8.8,10.4
133,1975,403,fortis,9.9,11.2
134,1975,405,fortis,9.9,11.4
135,1975,410,fortis,8.9,10.9
136,1975,411,fortis,9.4,10.4
137,1975,413,fortis,8.2,9.7
138,1975,414,fortis,8.2,10.2
139,1975,415,fortis,8.1,9.2
140,1975,416,fortis,8.4,10.1
141,1975,417,fortis,10.1,11.0
142,1975,418,fortis,8.6,10.3
143,1975,419,fortis,8.5,10.2
144,1975,420,fortis,9.7,11.0
145,1975,422,fortis,10.3,11.0
146,1975,423,fortis,8.6,10.1
147,1975,424,fortis,9.3,10.7
148,1975,425,fortis,8.9,10.7
149,1975,426,fortis,9.7,11.0
150,1975,427,fortis,10.2,12.0
151,1975,428,fortis,10.2,11.6
152,1975,450,fortis,8.5,9.9
153,1975,451,fortis,8.8,10.8
154,1975,452,fortis,8.9,10.5
155,1975,453,fortis,8.7,10.0
156,1975,454,fortis,9.3,9.6
157,1975,455,fortis,9.7,11.0
158,1975,456,fortis,9.6,10.2
159,1975,457,fortis,7.85,9.7
160,1975,458,fortis,9.6,11.1
161,1975,459,fortis,9.3,10.4
162,1975,461,fortis,9.8,11.1
163,1975,462,fortis,8.8,10.2
164,1975,463,fortis,9.1,10.3
165,1975,465,fortis,9.0,9.9
166,1975,466,fortis,10.4,11.0
167,1975,468,fortis,9.0,10.8
168,1975,473,fortis,9.5,10.5
169,1975,474,fortis,8.7,10.5
170,1975,475,fortis,9.6,11.2
171,1975,476,fortis,9.4,11.2
172,1975,477,fortis,9.5,11.7
173,1975,479,fortis,8.6,10.5
174,1975,501,fortis,9.9,10.5
175,1975,502,fortis,9.4,11.2
176,1975,503,fortis,9.1,10.0
177,1975,504,fortis,8.6,10.4
178,1975,505,fortis,9.3,10.8
179,1975,506,fortis,9.2,11.1
180,1975,507,fortis,8.8,10.3
181,1975,509,fortis,9.2,11.1
182,1975,510,fortis,8.3,9.8
183,1975,511,fortis,8.8,10.5
184,1975,512,fortis,9.4,11.0
185,1975,513,fortis,10.4,11.2
186,1975,514,fortis,8.5,9.8
187,1975,515,fortis,7.9,9.8
188,1975,516,fortis,7.9,9.8
189,1975,517,fortis,10.1,10.3
190,1975,518,fortis,9.8,11.3
191,1975,519,fortis,8.3,10.0
192,1975,520,fortis,9.4,11.1
193,1975,521,fortis,9.0,10.0
194,1975,522,fortis,8.4,10.3
195,1975,524,fortis,8.7,10.2
196,1975,526,fortis,9.2,10.4
197,1975,527,fortis,9.5,11.0
198,1975,528,fortis,10.1,11.5
199,1975,529,fortis,9.8,11.8
200,1975,560,fortis,8.5,10.2
201,1975,561,fortis,10.2,11.7
202,1975,563,fortis,8.6,10.1
203,1975,564,fortis,9.3,10.2
204,1975,565,fortis,8.7,9.8
205,1975,566,fortis,8.9,10.6
206,1975,567,fortis,8.4,10.0
207,1975,572,fortis,10.3,12.1
208,1975,574,fortis,9.9,11.1
209,1975,576,fortis,8.9,10.5
210,1975,578,fortis,9.1,10.0
211,1975,579,fortis,8.6,10.2
212,1975,601,fortis,7.8,9.7
213,1975,602,fortis,8.6,10.0
214,1975,603,fortis,9.5,10.7
215,1975,604,fortis,9.5,11.0
216,1975,605,fortis,10.2,10.9
217,1975,606,fortis,9.1,10.5
218,1975,607,fortis,9.7,10.9
219,1975,608,fortis,9.4,10.7
220,1975,609,fortis,10.5,11.9
221,1975,610,fortis,9.0,10.2
222,1975,611,fortis,9.8,10.5
223,1975,615,fortis,10.0,11.2
224,1975,616,fortis,9.6,10.7
225,1975,617,fortis,9.6,10.3
226,1975,618,fortis,9.9,11.6
227,1975,619,fortis,9.3,10.5
228,1975,620,fortis,9.6,10.9
229,1975,621,fortis,7.6,9.8
230,1975,622,fortis,9.2,10.9
231,1975,623,fortis,8.8,10.3
232,1975,624,fortis,10.1,11.7
233,1975,625,fortis,8.9,11.0
234,1975,626,fortis,9.5,9.8
235,1975,627,fortis,8.2,10.4
236,1975,628,fortis,9.7,10.8
237,1975,629,fortis,9.8,11.0
238,1975,670,fortis,9.3,10.6
239,1975,671,fortis,9.8,11.3
240,1975,672,fortis,8.8,10.1
241,1975,673,fortis,10.1,11.4
242,1975,674,fortis,10.5,11.8
243,1975,675,fortis,8.6,9.9
244,1975,676,fortis,9.7,11.0
245,1975,677,fortis,10.0,10.8
246,1975,678,fortis,9.7,11.3
247,1975,679,fortis,10.5,11.1
248,1975,680,fortis,10.4,11.0
249,1975,681,fortis,9.2,10.4
250,1975,682,fortis,8.1,9.1
251,1975,683,fortis,9.4,10.8
252,1975,684,fortis,8.9,10.6
253,1975,685,fortis,8.2,8.7
254,1975,686,fortis,9.3,10.7
255,1975,687,fortis,8.6,10.3
256,1975,688,fortis,9.0,10.5
257,1975,689,fortis,7.6,9.1
258,1975,701,fortis,8.7,9.5
259,1975,702,fortis,9.8,10.8
260,1975,703,fortis,9.4,10.6
261,1975,704,fortis,9.9,9.9
262,1975,705,fortis,10.1,11.5
263,1975,706,fortis,9.8,11.2
264,1975,707,fortis,7.9,9.7
265,1975,708,fortis,10.8,12.2
266,1975,709,fortis,7.9,9.2
267,1975,710,fortis,10.0,10.5
268,1975,711,fortis,8.4,10.5
269,1975,712,fortis,9.5,10.8
270,1975,713,fortis,8.8,10.7
271,1975,714,fortis,10.4,11.8
272,1975,715,fortis,8.1,9.1
273,1975,716,fortis,9.8,10.1
274,1975,717,fortis,8.2,10.0
275,1975,719,fortis,9.5,11.0
276,1975,720,fortis,10.5,12.2
277,1975,721,fortis,9.7,11.4
278,1975,723,fortis,9.6,10.9
279,1975,725,fortis,9.6,10.6
280,1975,726,fortis,7.9,9.3
281,1975,780,fortis,10.1,10.9
282,1975,781,fortis,9.3,10.6
283,1975,785,fortis,10.3,11.0
284,1975,786,fortis,7.9,9.0
285,1975,787,fortis,9.1,11.0
286,1975,788,fortis,8.9,10.4
287,1975,789,fortis,8.3,10.4
288,1975,790,fortis,9.4,9.6
289,1975,801,fortis,9.5,10.6
290,1975,802,fortis,8.5,10.1
291,1975,803,fortis,8.6,9.7
292,1975,804,fortis,8.5,9.6
293,1975,805,fortis,8.2,10.1
294,1975,807,fortis,7.9,9.9
295,1975,808,fortis,10.0,11.0
296,1975,809,fortis,9.4,10.9
297,1975,810,fortis,8.0,9.7
298,1975,811,fortis,8.6,10.0
299,1975,812,fortis,9.0,10.4
300,1975,813,fortis,9.9,11.6
301,1975,814,fortis,8.0,9.6
302,1975,815,fortis,9.6,10.8
303,1975,817,fortis,9.2,10.9
304,1975,818,fortis,9.0,10.2
305,1975,818,fortis,9.0,10.2
306,1975,819,fortis,9.2,10.4
307,1975,820,fortis,9.5,11.0
308,1975,821,fortis,9.2,10.7
309,1975,822,fortis,9.7,11.1
310,1975,823,fortis,9.1,10.8
311,1975,824,fortis,9.4,10.9
312,1975,825,fortis,8.6,9.9
313,1975,826,fortis,9.8,11.8
314,1975,827,fortis,8.0,9.7
315,1975,828,fortis,10.4,11.9
316,1975,829,fortis,8.1,9.6
317,1975,830,fortis,9.9,10.9
318,1975,831,fortis,8.6,10.2
319,1975,891,fortis,8.0,9.9
320,1975,892,fortis,9.0,11.3
321,1975,893,fortis,9.7,10.9
322,1975,894,fortis,8.1,9.8
323,1975,895,fortis,8.8,10.3
324,1975,896,fortis,7.5,8.8
325,1975,897,fortis,10.2,11.6
326,1975,898,fortis,8.2,9.9
327,1975,899,fortis,8.6,9.9
328,1975,900,fortis,8.7,9.9
329,1975,902,fortis,8.6,10.4
330,1975,903,fortis,9.9,11.2
331,1975,904,fortis,9.5,10.8
332,1975,905,fortis,8.4,9.9
333,1975,906,fortis,8.7,9.9
334,1975,907,fortis,8.2,10.2
335,1975,908,fortis,9.2,10.4
336,1975,909,fortis,8.2,9.4
337,1975,910,fortis,9.2,10.2
338,1975,911,fortis,9.3,11.0
339,1975,912,fortis,8.9,10.6
340,1975,913,fortis,9.0,10.5
341,1975,914,fortis,9.1,10.4
342,1975,915,fortis,8.8,10.2
343,1975,917,fortis,8.8,10.2
344,1975,919,fortis,9.6,11.0
345,1975,921,fortis,10.2,11.1
346,1975,922,fortis,8.2,9.7
347,1975,923,fortis,8.9,10.5
348,1975,924,fortis,9.0,10.9
349,1975,925,fortis,8.8,10.7
350,1975,926,fortis,9.9,11.0
351,1975,927,fortis,9.3,10.9
352,1975,928,fortis,9.9,11.2
353,1975,929,fortis,9.5,11.5
354,1975,930,fortis,10.0,10.8
355,1975,931,fortis,8.9,10.2
356,1975,932,fortis,9.8,11.0
357,1975,933,fortis,9.9,10.9
358,1975,934,fortis,8.7,10.5
359,1975,936,fortis,9.2,10.8
360,1975,941,fortis,8.2,9.8
361,1975,942,fortis,7.9,9.7
362,1975,943,fortis,9.1,10.3
363,1975,944,fortis,8.3,10.3
364,1975,944,fortis,8.3,10.3
365,1975,945,fortis,10.8,11.6
366,1975,945,fortis,10.8,11.6
367,1975,951,fortis,9.9,10.9
368,1975,952,fortis,9.0,10.6
369,1975,954,fortis,9.3,11.5
370,1975,991,fortis,9.6,10.8
371,1975,1040,fortis,9.3,10.83
372,1975,1368,fortis,10.2,11.73
373,1975,1420,fortis,8.6,10.23
374,1975,1433,fortis,10.98,11.83
375,1975,1560,fortis,10.28,11.43
376,1975,1581,fortis,9.6,10.73
377,1975,1770,fortis,9.28,10.33
378,1975,1857,fortis,9.5,10.23
379,1975,1860,fortis,9.4,11.53
380,1975,1884,fortis,9.15,11.03
381,1975,2102,fortis,9.8,11.73
382,1975,2105,fortis,9.35,10.53
383,1975,2220,fortis,8.5,9.93
384,1975,2381,fortis,10.5,11.23
385,1975,2482,fortis,8.5,9.83
386,1975,2939,fortis,8.31,9.63
387,1975,2955,fortis,9.9,10.6
388,1975,2974,fortis,10.36,11.88
389,1975,3642,fortis,10.28,11.03
390,1975,8016,fortis,8.9,10.73
391,1975,8020,fortis,8.7,10.13
392,1975,20139,fortis,9.15,10.15
393,1975,20165,fortis,10.35,10.85
394,1975,20166,fortis,8.85,10.95
395,1975,20168,fortis,8.55,9.85
396,1975,20204,fortis,8.95,10.25
397,1975,20238,fortis,10.75,11.75
398,1975,20267,fortis,10.05,10.95
399,1975,20273,fortis,10.15,10.95
400,1975,20283,fortis,8.45,10.55
401,1975,20285,fortis,8.85,9.65
402,1975,20286,fortis,10.25,11.45
403,1975,20293,fortis,9.75,10.25
404,1975,20298,fortis,8.95,10.05
405,1975,302,scandens,8.4,13.9
406,1975,304,scandens,8.8,14.0
407,1975,306,scandens,8.4,12.9
408,1975,310,scandens,8.0,13.5
409,1975,317,scandens,7.9,12.9
410,1975,318,scandens,8.9,14.6
411,1975,319,scandens,8.6,13.0
412,1975,322,scandens,8.5,14.2
413,1975,325,scandens,8.9,14.0
414,1975,327,scandens,9.1,14.2
415,1975,351,scandens,8.6,13.1
416,1975,353,scandens,9.8,15.1
417,1975,357,scandens,8.2,13.5
418,1975,358,scandens,9.0,14.4
419,1975,359,scandens,9.7,14.9
420,1975,361,scandens,8.6,12.9
421,1975,362,scandens,8.2,13.0
422,1975,363,scandens,9.0,14.9
423,1975,364,scandens,8.4,14.0
424,1975,365,scandens,8.6,13.8
425,1975,367,scandens,8.9,13.0
426,1975,404,scandens,9.1,14.75
427,1975,406,scandens,8.3,13.7
428,1975,407,scandens,8.7,13.8
429,1975,408,scandens,9.6,14.0
430,1975,409,scandens,8.5,14.6
431,1975,412,scandens,9.1,15.2
432,1975,421,scandens,9.0,13.5
433,1975,429,scandens,9.2,15.1
434,1975,460,scandens,9.9,15.0
435,1975,464,scandens,8.6,12.8
436,1975,467,scandens,9.2,14.9
437,1975,469,scandens,8.4,15.3
438,1975,470,scandens,8.9,13.4
439,1975,471,scandens,8.5,14.2
440,1975,472,scandens,10.4,15.1
441,1975,478,scandens,9.6,15.1
442,1975,508,scandens,9.1,14.0
443,1975,523,scandens,9.3,13.6
444,1975,525,scandens,9.3,14.0
445,1975,562,scandens,8.8,14.0
446,1975,568,scandens,8.3,13.9
447,1975,569,scandens,8.8,14.0
448,1975,570,scandens,9.1,14.9
449,1975,571,scandens,10.1,15.6
450,1975,573,scandens,8.9,13.8
451,1975,575,scandens,9.2,14.4
452,1975,577,scandens,8.5,12.8
453,1975,612,scandens,10.2,14.2
454,1975,613,scandens,10.1,13.4
455,1975,614,scandens,9.2,14.0
456,1975,718,scandens,9.7,14.8
457,1975,722,scandens,9.1,14.2
458,1975,724,scandens,8.5,13.5
459,1975,727,scandens,8.2,13.4
460,1975,728,scandens,9.0,14.6
461,1975,729,scandens,9.3,13.5
462,1975,782,scandens,8.0,13.7
463,1975,783,scandens,9.1,13.9
464,1975,784,scandens,8.1,13.1
465,1975,806,scandens,8.3,13.4
466,1975,816,scandens,8.7,13.8
467,1975,890,scandens,8.8,13.6
468,1975,901,scandens,8.6,14.0
469,1975,916,scandens,8.7,13.5
470,1975,918,scandens,8.0,12.8
471,1975,920,scandens,8.8,14.0
472,1975,935,scandens,9.0,13.4
473,1975,953,scandens,9.1,14.9
474,1975,1014,scandens,9.74,15.54
475,1975,1642,scandens,9.1,14.63
476,1975,1748,scandens,9.8,14.73
477,1975,1841,scandens,10.4,15.73
478,1975,1842,scandens,8.3,14.83
479,1975,2084,scandens,9.44,15.94
480,1975,2397,scandens,9.04,15.14
481,1975,8110,scandens,9.0,14.23
482,1975,20122,scandens,9.05,14.15
483,1975,20151,scandens,9.65,14.35
484,1975,20188,scandens,9.45,14.95
485,1975,20210,scandens,8.65,13.95
486,1975,20223,scandens,9.45,14.05
487,1975,20225,scandens,9.45,14.55
488,1975,20252,scandens,9.05,14.05
489,1975,20255,scandens,8.75,14.45
490,1975,20266,scandens,9.45,15.05
491,1975,20279,scandens,8.35,13.25
492,1987,14613,fortis,7.0,9.1
493,1987,15487,fortis,7.12,9.14
494,1987,15187,fortis,7.21,9.24
495,1987,15284,fortis,7.3,9.2
496,1987,14983,fortis,7.32,8.83
497,1987,14913,fortis,7.41,9.14
498,1987,15726,fortis,7.42,9.04
499,1987,15821,fortis,7.43,10.56
500,1987,15484,fortis,7.45,9.7
501,1987,4968,fortis,7.5,9.25
502,1987,15695,fortis,7.5,9.5
503,1987,15272,fortis,7.51,9.34
504,1987,15256,fortis,7.51,9.64
505,1987,13907,fortis,7.64,9.04
506,1987,5578,fortis,7.65,9.8
507,1987,10376,fortis,7.68,9.28
508,1987,13377,fortis,7.7,9.5
509,1987,15225,fortis,7.8,10.8
510,1987,15914,fortis,7.81,9.24
511,1987,14760,fortis,7.81,10.24
512,1987,15779,fortis,7.86,9.74
513,1987,13901,fortis,7.9,9.2
514,1987,15277,fortis,7.9,9.95
515,1987,15285,fortis,7.92,9.34
516,1987,13194,fortis,7.92,9.35
517,1987,14967,fortis,7.92,10.1
518,1987,14800,fortis,7.93,9.96
519,1987,14612,fortis,7.95,9.27
520,1987,15154,fortis,7.95,9.4
521,1987,14123,fortis,7.96,9.68
522,1987,15368,fortis,7.97,10.19
523,1987,15873,fortis,8.0,10.0
524,1987,16027,fortis,8.0,10.25
525,1987,15353,fortis,8.0,11.3
526,1987,14265,fortis,8.02,9.83
527,1987,15014,fortis,8.02,11.04
528,1987,14969,fortis,8.03,10.16
529,1987,5627,fortis,8.03,10.74
530,1987,15973,fortis,8.06,10.19
531,1987,13468,fortis,8.09,9.46
532,1987,15214,fortis,8.1,9.5
533,1987,14978,fortis,8.1,9.7
534,1987,15909,fortis,8.1,10.0
535,1987,13996,fortis,8.1,10.05
536,1987,13543,fortis,8.1,10.3
537,1987,14634,fortis,8.1,10.5
538,1987,15804,fortis,8.11,9.94
539,1987,15493,fortis,8.11,10.04
540,1987,15363,fortis,8.11,10.24
541,1987,15286,fortis,8.2,9.2
542,1987,15019,fortis,8.2,9.3
543,1987,16112,fortis,8.21,10.04
544,1987,15270,fortis,8.21,10.34
545,1987,15874,fortis,8.21,10.34
546,1987,16007,fortis,8.22,10.04
547,1987,14860,fortis,8.23,9.86
548,1987,10313,fortis,8.24,9.73
549,1987,15490,fortis,8.25,9.45
550,1987,15106,fortis,8.25,10.0
551,1987,13539,fortis,8.27,9.78
552,1987,14912,fortis,8.28,9.64
553,1987,13244,fortis,8.3,9.8
554,1987,14822,fortis,8.3,10.0
555,1987,14909,fortis,8.3,10.0
556,1987,15944,fortis,8.3,10.8
557,1987,16170,fortis,8.31,9.64
558,1987,15477,fortis,8.31,10.14
559,1987,15111,fortis,8.31,10.24
560,1987,14686,fortis,8.31,10.74
561,1987,15915,fortis,8.31,10.74
562,1987,15759,fortis,8.31,11.14
563,1987,15850,fortis,8.31,11.24
564,1987,15977,fortis,8.32,9.84
565,1987,14632,fortis,8.33,9.86
566,1987,14982,fortis,8.33,9.96
567,1987,13306,fortis,8.34,10.57
568,1987,13351,fortis,8.35,10.0
569,1987,15288,fortis,8.35,10.95
570,1987,15079,fortis,8.36,9.89
571,1987,15402,fortis,8.36,9.99
572,1987,15248,fortis,8.4,9.1
573,1987,13881,fortis,8.4,9.8
574,1987,15879,fortis,8.4,9.85
575,1987,4830,fortis,8.4,10.0
576,1987,15679,fortis,8.4,10.0
577,1987,15806,fortis,8.4,10.0
578,1987,5887,fortis,8.4,10.18
579,1987,15845,fortis,8.4,10.4
580,1987,14890,fortis,8.4,10.9
581,1987,15875,fortis,8.41,10.04
582,1987,15381,fortis,8.41,10.14
583,1987,15382,fortis,8.41,10.24
584,1987,15453,fortis,8.41,10.54
585,1987,5555,fortis,8.42,9.04
586,1987,15127,fortis,8.42,9.24
587,1987,14628,fortis,8.43,10.06
588,1987,15379,fortis,8.43,10.26
589,1987,14939,fortis,8.45,10.2
590,1987,10100,fortis,8.45,10.93
591,1987,16172,fortis,8.47,10.64
592,1987,15188,fortis,8.47,10.74
593,1987,14611,fortis,8.5,9.4
594,1987,14025,fortis,8.5,9.55
595,1987,14970,fortis,8.5,9.8
596,1987,15970,fortis,8.5,9.83
597,1987,10760,fortis,8.5,10.0
598,1987,15706,fortis,8.5,10.0
599,1987,14762,fortis,8.5,10.3
600,1987,15829,fortis,8.5,10.6
601,1987,14743,fortis,8.5,11.5
602,1987,15933,fortis,8.51,10.24
603,1987,14836,fortis,8.51,10.5
604,1987,15940,fortis,8.51,10.84
605,1987,15995,fortis,8.52,9.94
606,1987,14704,fortis,8.53,10.36
607,1987,5685,fortis,8.55,9.8
608,1987,14833,fortis,8.56,10.09
609,1987,1536,fortis,8.6,9.8
610,1987,15163,fortis,8.6,9.9
611,1987,5556,fortis,8.6,10.0
612,1987,14902,fortis,8.6,10.0
613,1987,15342,fortis,8.6,10.0
614,1987,14894,fortis,8.6,10.1
615,1987,15761,fortis,8.6,11.3
616,1987,5628,fortis,8.6,12.0
617,1987,15497,fortis,8.61,10.14
618,1987,14932,fortis,8.61,10.34
619,1987,15374,fortis,8.61,10.34
620,1987,15175,fortis,8.61,10.54
621,1987,15724,fortis,8.61,10.54
622,1987,15680,fortis,8.61,10.94
623,1987,14827,fortis,8.61,11.04
624,1987,15296,fortis,8.61,11.14
625,1987,15711,fortis,8.61,11.14
626,1987,10066,fortis,8.61,11.24
627,1987,15322,fortis,8.61,12.14
628,1987,15262,fortis,8.62,9.94
629,1987,14840,fortis,8.62,9.95
630,1987,4229,fortis,8.62,10.05
631,1987,13195,fortis,8.62,10.35
632,1987,14829,fortis,8.63,10.86
633,1987,13994,fortis,8.64,10.18
634,1987,15464,fortis,8.65,9.45
635,1987,15865,fortis,8.66,10.19
636,1987,14831,fortis,8.66,10.84
637,1987,13269,fortis,8.7,9.4
638,1987,15184,fortis,8.7,9.5
639,1987,14096,fortis,8.7,9.8
640,1987,15245,fortis,8.7,9.85
641,1987,15143,fortis,8.7,10.0
642,1987,15712,fortis,8.7,10.1
643,1987,4715,fortis,8.7,10.4
644,1987,14832,fortis,8.7,10.45
645,1987,15757,fortis,8.7,10.57
646,1987,14694,fortis,8.7,10.8
647,1987,15388,fortis,8.7,10.9
648,1987,15224,fortis,8.7,11.4
649,1987,15018,fortis,8.71,9.64
650,1987,15981,fortis,8.71,10.04
651,1987,15228,fortis,8.71,10.24
652,1987,15663,fortis,8.71,10.44
653,1987,15983,fortis,8.71,10.54
654,1987,10198,fortis,8.71,10.64
655,1987,15657,fortis,8.71,10.84
656,1987,15990,fortis,8.71,10.94
657,1987,15123,fortis,8.71,11.14
658,1987,15855,fortis,8.71,11.14
659,1987,15005,fortis,8.71,11.29
660,1987,15617,fortis,8.71,11.79
661,1987,14880,fortis,8.72,9.84
662,1987,14742,fortis,8.72,11.15
663,1987,15080,fortis,8.73,9.76
664,1987,15273,fortis,8.73,10.06
665,1987,4859,fortis,8.73,10.87
666,1987,14767,fortis,8.73,11.86
667,1987,5602,fortis,8.74,10.83
668,1987,15978,fortis,8.76,10.39
669,1987,15246,fortis,8.76,10.64
670,1987,15264,fortis,8.77,9.7
671,1987,14867,fortis,8.77,10.09
672,1987,13687,fortis,8.77,10.67
673,1987,15306,fortis,8.77,10.95
674,1987,10347,fortis,8.79,9.96
675,1987,15420,fortis,8.8,9.7
676,1987,16016,fortis,8.8,9.97
677,1987,14042,fortis,8.8,10.1
678,1987,14797,fortis,8.8,10.37
679,1987,14761,fortis,8.8,10.9
680,1987,14858,fortis,8.8,10.9
681,1987,2749,fortis,8.8,11.1
682,1987,15244,fortis,8.8,11.15
683,1987,5872,fortis,8.8,11.8
684,1987,14680,fortis,8.81,10.14
685,1987,14763,fortis,8.81,10.19
686,1987,14892,fortis,8.81,10.24
687,1987,15176,fortis,8.81,10.24
688,1987,14795,fortis,8.81,10.54
689,1987,15040,fortis,8.81,10.54
690,1987,15733,fortis,8.81,10.54
691,1987,15367,fortis,8.81,10.74
692,1987,14535,fortis,8.81,11.24
693,1987,15268,fortis,8.81,11.24
694,1987,15883,fortis,8.82,10.05
695,1987,15220,fortis,8.82,10.24
696,1987,15430,fortis,8.82,10.94
697,1987,15404,fortis,8.86,10.59
698,1987,14841,fortis,8.87,9.9
699,1987,15313,fortis,8.87,10.04
700,1987,14868,fortis,8.87,10.35
701,1987,13385,fortis,8.87,11.2
702,1987,15301,fortis,8.88,11.8
703,1987,5626,fortis,8.89,11.1
704,1987,14928,fortis,8.9,10.0
705,1987,5965,fortis,8.9,10.1
706,1987,15182,fortis,8.9,10.1
707,1987,16162,fortis,8.9,10.13
708,1987,13582,fortis,8.9,10.2
709,1987,14811,fortis,8.9,10.33
710,1987,5669,fortis,8.9,10.4
711,1987,10703,fortis,8.9,10.4
712,1987,14684,fortis,8.9,10.7
713,1987,14809,fortis,8.9,10.7
714,1987,10548,fortis,8.9,10.9
715,1987,15387,fortis,8.9,10.9
716,1987,5721,fortis,8.9,11.1
717,1987,14808,fortis,8.9,11.6
718,1987,15223,fortis,8.9,11.6
719,1987,15795,fortis,8.9,11.8
720,1987,15274,fortis,8.91,10.44
721,1987,14664,fortis,8.91,10.54
722,1987,15854,fortis,8.91,10.64
723,1987,15941,fortis,8.91,10.74
724,1987,14258,fortis,8.91,10.76
725,1987,15852,fortis,8.91,10.79
726,1987,15132,fortis,8.91,10.84
727,1987,15659,fortis,8.91,11.04
728,1987,15431,fortis,8.91,11.29
729,1987,15378,fortis,8.91,11.84
730,1987,14749,fortis,8.92,10.04
731,1987,14533,fortis,8.92,11.1
732,1987,15348,fortis,8.92,11.2
733,1987,14636,fortis,8.93,10.76
734,1987,14671,fortis,8.93,10.76
735,1987,13575,fortis,8.93,11.0
736,1987,14685,fortis,8.93,11.46
737,1987,2639,fortis,8.95,10.3
738,1987,14478,fortis,8.95,10.9
739,1987,14681,fortis,8.96,9.94
740,1987,15630,fortis,8.96,10.24
741,1987,15229,fortis,8.96,10.99
742,1987,15337,fortis,8.97,10.47
743,1987,15332,fortis,8.97,10.7
744,1987,5330,fortis,8.97,12.21
745,1987,14403,fortis,8.98,10.35
746,1987,15232,fortis,8.98,10.52
747,1987,5554,fortis,9.0,10.0
748,1987,15054,fortis,9.0,10.3
749,1987,15157,fortis,9.0,10.6
750,1987,15488,fortis,9.0,10.75
751,1987,15241,fortis,9.0,10.8
752,1987,14915,fortis,9.0,11.0
753,1987,14788,fortis,9.0,12.0
754,1987,14846,fortis,9.01,10.04
755,1987,15631,fortis,9.01,10.24
756,1987,15715,fortis,9.01,10.24
757,1987,15496,fortis,9.01,10.34
758,1987,15758,fortis,9.01,10.34
759,1987,15791,fortis,9.01,10.64
760,1987,15311,fortis,9.01,11.24
761,1987,15684,fortis,9.01,11.54
762,1987,15785,fortis,9.01,11.54
763,1987,15465,fortis,9.02,10.74
764,1987,14712,fortis,9.02,11.04
765,1987,15230,fortis,9.03,10.1
766,1987,15318,fortis,9.03,10.76
767,1987,14356,fortis,9.04,10.04
768,1987,5389,fortis,9.04,10.27
769,1987,10232,fortis,9.04,10.87
770,1987,4936,fortis,9.05,10.0
771,1987,5587,fortis,9.05,10.35
772,1987,14741,fortis,9.06,11.04
773,1987,13486,fortis,9.07,9.98
774,1987,13579,fortis,9.07,10.03
775,1987,15822,fortis,9.07,10.49
776,1987,15412,fortis,9.07,10.5
777,1987,15153,fortis,9.07,10.57
778,1987,15055,fortis,9.07,10.8
779,1987,14669,fortis,9.07,11.34
780,1987,15863,fortis,9.07,11.69
781,1987,10102,fortis,9.08,10.98
782,1987,14883,fortis,9.08,11.51
783,1987,13522,fortis,9.09,9.66
784,1987,10685,fortis,9.09,10.46
785,1987,14872,fortis,9.1,9.7
786,1987,15333,fortis,9.1,10.5
787,1987,14765,fortis,9.1,10.6
788,1987,15389,fortis,9.1,10.83
789,1987,13932,fortis,9.1,10.9
790,1987,13365,fortis,9.1,11.3
791,1987,15066,fortis,9.1,11.4
792,1987,14723,fortis,9.1,12.0
793,1987,14659,fortis,9.11,10.24
794,1987,16111,fortis,9.11,10.24
795,1987,15011,fortis,9.11,10.34
796,1987,15047,fortis,9.11,10.35
797,1987,15781,fortis,9.11,10.89
798,1987,14826,fortis,9.11,10.9
799,1987,15499,fortis,9.11,11.04
800,1987,15065,fortis,9.11,11.09
801,1987,15832,fortis,9.11,11.14
802,1987,15934,fortis,9.11,11.14
803,1987,14784,fortis,9.11,11.34
804,1987,15611,fortis,9.11,11.34
805,1987,15325,fortis,9.11,11.54
806,1987,14672,fortis,9.12,10.54
807,1987,14347,fortis,9.12,10.63
808,1987,15105,fortis,9.12,10.85
809,1987,15233,fortis,9.12,10.85
810,1987,14838,fortis,9.12,10.95
811,1987,15359,fortis,9.12,11.04
812,1987,5828,fortis,9.12,11.25
813,1987,14824,fortis,9.12,11.25
814,1987,15048,fortis,9.13,10.46
815,1987,15321,fortis,9.13,11.96
816,1987,5817,fortis,9.14,10.49
817,1987,13690,fortis,9.14,10.73
818,1987,5507,fortis,9.14,11.07
819,1987,5858,fortis,9.15,10.45
820,1987,16089,fortis,9.15,10.65
821,1987,5718,fortis,9.15,10.71
822,1987,15408,fortis,9.15,11.2
823,1987,14692,fortis,9.15,11.25
824,1987,15027,fortis,9.17,10.37
825,1987,14518,fortis,9.17,10.72
826,1987,13389,fortis,9.19,12.22
827,1987,14871,fortis,9.2,9.5
828,1987,14041,fortis,9.2,10.0
829,1987,15126,fortis,9.2,10.2
830,1987,15369,fortis,9.2,10.4
831,1987,5826,fortis,9.2,10.55
832,1987,14100,fortis,9.2,10.6
833,1987,15125,fortis,9.2,10.6
834,1987,5927,fortis,9.2,10.7
835,1987,10213,fortis,9.2,10.7
836,1987,14062,fortis,9.2,10.7
837,1987,14879,fortis,9.2,10.7
838,1987,14854,fortis,9.2,10.75
839,1987,15056,fortis,9.2,10.8
840,1987,14652,fortis,9.2,10.9
841,1987,15450,fortis,9.2,10.9
842,1987,15601,fortis,9.2,10.9
843,1987,10023,fortis,9.2,11.0
844,1987,14921,fortis,9.2,11.3
845,1987,15926,fortis,9.2,11.9
846,1987,15151,fortis,9.21,10.24
847,1987,15263,fortis,9.21,10.39
848,1987,2833,fortis,9.21,10.63
849,1987,15707,fortis,9.21,10.84
850,1987,15454,fortis,9.21,11.14
851,1987,15409,fortis,9.21,11.24
852,1987,15985,fortis,9.21,11.24
853,1987,15215,fortis,9.21,11.34
854,1987,15261,fortis,9.21,11.34
855,1987,15903,fortis,9.21,12.14
856,1987,5725,fortis,9.22,11.03
857,1987,15772,fortis,9.22,11.04
858,1987,14605,fortis,9.22,11.2
859,1987,14696,fortis,9.23,11.06
860,1987,14701,fortis,9.23,11.16
861,1987,2737,fortis,9.24,10.21
862,1987,14124,fortis,9.24,10.97
863,1987,13708,fortis,9.24,11.83
864,1987,14732,fortis,9.25,10.9
865,1987,15710,fortis,9.25,11.0
866,1987,15727,fortis,9.25,11.0
867,1987,14679,fortis,9.27,10.5
868,1987,15396,fortis,9.27,10.63
869,1987,14956,fortis,9.27,10.85
870,1987,15373,fortis,9.27,11.45
871,1987,14901,fortis,9.3,10.1
872,1987,15247,fortis,9.3,10.3
873,1987,2738,fortis,9.3,10.4
874,1987,14279,fortis,9.3,10.5
875,1987,15399,fortis,9.3,10.6
876,1987,15130,fortis,9.3,10.9
877,1987,15174,fortis,9.3,10.9
878,1987,10183,fortis,9.3,11.0
879,1987,14471,fortis,9.3,11.0
880,1987,15289,fortis,9.3,11.15
881,1987,15428,fortis,9.3,11.15
882,1987,2537,fortis,9.3,11.3
883,1987,2666,fortis,9.3,12.81
884,1987,14896,fortis,9.31,10.09
885,1987,15971,fortis,9.31,10.84
886,1987,15189,fortis,9.31,10.94
887,1987,15500,fortis,9.31,11.04
888,1987,15820,fortis,9.31,11.04
889,1987,15474,fortis,9.31,11.14
890,1987,15938,fortis,9.31,11.14
891,1987,15987,fortis,9.31,11.14
892,1987,15463,fortis,9.31,11.24
893,1987,15746,fortis,9.31,11.24
894,1987,15801,fortis,9.31,11.24
895,1987,15739,fortis,9.31,11.34
896,1987,14643,fortis,9.32,10.95
897,1987,15310,fortis,9.33,10.66
898,1987,14770,fortis,9.33,10.96
899,1987,14792,fortis,9.33,10.96
900,1987,15191,fortis,9.33,11.56
901,1987,14744,fortis,9.35,10.4
902,1987,15950,fortis,9.35,10.6
903,1987,15788,fortis,9.35,10.75
904,1987,15376,fortis,9.35,10.9
905,1987,10716,fortis,9.37,10.73
906,1987,15155,fortis,9.37,11.2
907,1987,14874,fortis,9.4,9.9
908,1987,15326,fortis,9.4,10.0
909,1987,14629,fortis,9.4,10.2
910,1987,15238,fortis,9.4,10.4
911,1987,14705,fortis,9.4,10.5
912,1987,15838,fortis,9.4,11.1
913,1987,10826,fortis,9.4,11.2
914,1987,14171,fortis,9.4,11.3
915,1987,15346,fortis,9.4,11.8
916,1987,15426,fortis,9.41,10.34
917,1987,15633,fortis,9.41,11.24
918,1987,15709,fortis,9.41,11.44
919,1987,15904,fortis,9.41,11.54
920,1987,15323,fortis,9.41,12.04
921,1987,15152,fortis,9.42,10.94
922,1987,15605,fortis,9.42,11.1
923,1987,14546,fortis,9.42,11.67
924,1987,14923,fortis,9.42,13.57
925,1987,15129,fortis,9.43,10.61
926,1987,15165,fortis,9.43,10.66
927,1987,14641,fortis,9.43,10.96
928,1987,14794,fortis,9.43,10.96
929,1987,13409,fortis,9.43,11.21
930,1987,15110,fortis,9.43,11.55
931,1987,14884,fortis,9.43,11.96
932,1987,10330,fortis,9.44,10.67
933,1987,2658,fortis,9.44,10.8
934,1987,13552,fortis,9.44,11.3
935,1987,15482,fortis,9.45,10.8
936,1987,14900,fortis,9.45,11.0
937,1987,5635,fortis,9.45,11.51
938,1987,15929,fortis,9.45,11.6
939,1987,13704,fortis,9.47,10.67
940,1987,14766,fortis,9.47,10.77
941,1987,14940,fortis,9.47,11.3
942,1987,15308,fortis,9.47,11.55
943,1987,14823,fortis,9.47,11.6
944,1987,14722,fortis,9.47,12.15
945,1987,15613,fortis,9.5,10.4
946,1987,13644,fortis,9.5,10.5
947,1987,15360,fortis,9.5,10.5
948,1987,15939,fortis,9.5,10.5
949,1987,16168,fortis,9.5,10.5
950,1987,15395,fortis,9.5,10.8
951,1987,15885,fortis,9.5,10.8
952,1987,10081,fortis,9.5,10.9
953,1987,15648,fortis,9.5,10.9
954,1987,15734,fortis,9.5,10.9
955,1987,15398,fortis,9.5,11.0
956,1987,10670,fortis,9.5,11.1
957,1987,15041,fortis,9.5,11.1
958,1987,2862,fortis,9.5,11.15
959,1987,14675,fortis,9.5,11.2
960,1987,14687,fortis,9.5,11.5
961,1987,14957,fortis,9.5,11.8
962,1987,15447,fortis,9.5,12.9
963,1987,15042,fortis,9.51,11.04
964,1987,15028,fortis,9.51,11.14
965,1987,15642,fortis,9.51,11.14
966,1987,15329,fortis,9.51,11.24
967,1987,15660,fortis,9.51,11.24
968,1987,15714,fortis,9.51,11.24
969,1987,15767,fortis,9.51,11.64
970,1987,15316,fortis,9.51,11.84
971,1987,14948,fortis,9.52,10.7
972,1987,14621,fortis,9.52,11.2
973,1987,14720,fortis,9.52,12.0
974,1987,14937,fortis,9.53,11.36
975,1987,15131,fortis,9.53,11.86
976,1987,15616,fortis,9.53,12.16
977,1987,15840,fortis,9.55,10.85
978,1987,14893,fortis,9.55,11.0
979,1987,14958,fortis,9.56,11.29
980,1987,14676,fortis,9.57,11.0
981,1987,14839,fortis,9.57,11.94
982,1987,15370,fortis,9.57,12.25
983,1987,5335,fortis,9.59,11.96
984,1987,10751,fortis,9.6,10.0
985,1987,14713,fortis,9.6,10.4
986,1987,14615,fortis,9.6,10.7
987,1987,14825,fortis,9.6,10.7
988,1987,14040,fortis,9.6,10.8
989,1987,16117,fortis,9.6,10.8
990,1987,13075,fortis,9.6,10.85
991,1987,15339,fortis,9.6,10.9
992,1987,2847,fortis,9.6,11.0
993,1987,14916,fortis,9.6,11.1
994,1987,15390,fortis,9.6,11.15
995,1987,4843,fortis,9.6,11.17
996,1987,14492,fortis,9.6,11.2
997,1987,5560,fortis,9.6,11.3
998,1987,14678,fortis,9.6,11.5
999,1987,14866,fortis,9.6,11.7
1000,1987,15612,fortis,9.6,11.9
1001,1987,15158,fortis,9.6,12.1
1002,1987,14793,fortis,9.61,9.14
1003,1987,10194,fortis,9.61,11.02
1004,1987,15949,fortis,9.61,11.04
1005,1987,15475,fortis,9.61,11.24
1006,1987,15722,fortis,9.61,11.24
1007,1987,15210,fortis,9.61,11.44
1008,1987,15839,fortis,9.61,11.44
1009,1987,15908,fortis,9.61,11.44
1010,1987,15049,fortis,9.61,11.54
1011,1987,15764,fortis,9.61,11.54
1012,1987,15667,fortis,9.62,10.84
1013,1987,15004,fortis,9.63,10.5
1014,1987,15293,fortis,9.63,10.86
1015,1987,14774,fortis,9.63,11.06
1016,1987,14842,fortis,9.63,11.15
1017,1987,15969,fortis,9.63,11.26
1018,1987,14790,fortis,9.63,11.36
1019,1987,14887,fortis,9.63,12.16
1020,1987,14677,fortis,9.65,11.6
1021,1987,14710,fortis,9.65,11.65
1022,1987,4378,fortis,9.66,10.64
1023,1987,5586,fortis,9.67,10.2
1024,1987,15197,fortis,9.67,11.04
1025,1987,10550,fortis,9.69,11.88
1026,1987,14917,fortis,9.7,10.3
1027,1987,14816,fortis,9.7,10.7
1028,1987,4899,fortis,9.7,10.87
1029,1987,4911,fortis,9.7,11.0
1030,1987,15196,fortis,9.7,11.0
1031,1987,15607,fortis,9.7,11.0
1032,1987,16173,fortis,9.7,11.13
1033,1987,14751,fortis,9.7,11.2
1034,1987,15113,fortis,9.7,11.2
1035,1987,14688,fortis,9.7,11.3
1036,1987,13807,fortis,9.7,11.4
1037,1987,15001,fortis,9.7,11.4
1038,1987,15239,fortis,9.71,11.04
1039,1987,15212,fortis,9.71,11.14
1040,1987,15753,fortis,9.71,11.14
1041,1987,10228,fortis,9.71,11.24
1042,1987,15644,fortis,9.71,11.24
1043,1987,14609,fortis,9.71,11.29
1044,1987,15655,fortis,9.72,10.34
1045,1987,14617,fortis,9.72,11.14
1046,1987,13837,fortis,9.72,11.58
1047,1987,15172,fortis,9.72,11.84
1048,1987,14670,fortis,9.72,12.44
1049,1987,14736,fortis,9.73,10.96
1050,1987,15012,fortis,9.73,11.46
1051,1987,14807,fortis,9.73,11.67
1052,1987,13945,fortis,9.74,10.43
1053,1987,14412,fortis,9.74,10.73
1054,1987,3569,fortis,9.74,10.94
1055,1987,15857,fortis,9.76,11.94
1056,1987,15478,fortis,9.77,11.1
1057,1987,15930,fortis,9.77,12.05
1058,1987,14739,fortis,9.78,10.81
1059,1987,14633,fortis,9.78,11.29
1060,1987,14674,fortis,9.8,10.5
1061,1987,13201,fortis,9.8,10.7
1062,1987,5026,fortis,9.8,10.9
1063,1987,15193,fortis,9.8,10.9
1064,1987,14746,fortis,9.8,11.0
1065,1987,14963,fortis,9.8,11.0
1066,1987,14971,fortis,9.8,11.0
1067,1987,15385,fortis,9.8,11.1
1068,1987,15015,fortis,9.8,11.2
1069,1987,5505,fortis,9.8,11.4
1070,1987,15621,fortis,9.8,11.6
1071,1987,14987,fortis,9.8,11.7
1072,1987,14820,fortis,9.8,11.8
1073,1987,14889,fortis,9.8,11.8
1074,1987,5504,fortis,9.8,11.9
1075,1987,15302,fortis,9.8,12.3
1076,1987,14942,fortis,9.81,11.19
1077,1987,14856,fortis,9.81,11.24
1078,1987,14849,fortis,9.81,11.34
1079,1987,15203,fortis,9.81,11.49
1080,1987,15670,fortis,9.81,11.64
1081,1987,15371,fortis,9.81,11.74
1082,1987,15856,fortis,9.81,11.74
1083,1987,15377,fortis,9.82,10.94
1084,1987,15979,fortis,9.82,11.04
1085,1987,14796,fortis,9.82,11.15
1086,1987,15145,fortis,9.82,11.3
1087,1987,15058,fortis,9.83,10.96
1088,1987,15692,fortis,9.83,11.16
1089,1987,15033,fortis,9.83,11.26
1090,1987,15255,fortis,9.83,12.1
1091,1987,14620,fortis,9.85,10.7
1092,1987,13781,fortis,9.85,12.3
1093,1987,5625,fortis,9.86,10.94
1094,1987,14783,fortis,9.86,11.39
1095,1987,15053,fortis,9.86,12.01
1096,1987,15150,fortis,9.87,10.94
1097,1987,5921,fortis,9.87,11.2
1098,1987,15358,fortis,9.87,11.34
1099,1987,15383,fortis,9.87,11.7
1100,1987,14886,fortis,9.88,11.86
1101,1987,5570,fortis,9.9,10.8
1102,1987,13975,fortis,9.9,11.0
1103,1987,14930,fortis,9.9,11.2
1104,1987,15433,fortis,9.9,11.3
1105,1987,5400,fortis,9.9,11.5
1106,1987,15473,fortis,9.9,11.5
1107,1987,15124,fortis,9.9,11.7
1108,1987,5614,fortis,9.9,11.8
1109,1987,10305,fortis,9.9,11.82
1110,1987,15148,fortis,9.9,11.9
1111,1987,15849,fortis,9.9,12.0
1112,1987,15665,fortis,9.91,11.14
1113,1987,14955,fortis,9.91,11.74
1114,1987,14721,fortis,9.91,11.84
1115,1987,15682,fortis,9.91,12.24
1116,1987,4721,fortis,9.92,10.95
1117,1987,14660,fortis,9.92,11.14
1118,1987,15355,fortis,9.92,11.84
1119,1987,15653,fortis,9.92,11.84
1120,1987,14711,fortis,9.92,12.05
1121,1987,15281,fortis,9.92,12.17
1122,1987,4190,fortis,9.93,11.04
1123,1987,15650,fortis,9.93,11.06
1124,1987,15112,fortis,9.93,11.16
1125,1987,14974,fortis,9.93,11.46
1126,1987,10080,fortis,9.95,11.1
1127,1987,14943,fortis,9.95,11.85
1128,1987,13760,fortis,9.96,10.67
1129,1987,14689,fortis,9.96,11.2
1130,1987,14117,fortis,10.0,10.6
1131,1987,15674,fortis,10.0,10.6
1132,1987,10679,fortis,10.0,10.9
1133,1987,5963,fortis,10.0,11.0
1134,1987,14818,fortis,10.0,11.0
1135,1987,15749,fortis,10.0,11.0
1136,1987,14781,fortis,10.0,11.1
1137,1987,13231,fortis,10.0,11.13
1138,1987,14174,fortis,10.0,11.2
1139,1987,2776,fortis,10.0,11.3
1140,1987,15140,fortis,10.0,11.3
1141,1987,14745,fortis,10.0,11.5
1142,1987,15951,fortis,10.0,11.5
1143,1987,15291,fortis,10.0,11.7
1144,1987,14752,fortis,10.0,11.9
1145,1987,14772,fortis,10.0,12.0
1146,1987,15603,fortis,10.0,12.8
1147,1987,15062,fortis,10.01,11.44
1148,1987,15003,fortis,10.01,11.94
1149,1987,14961,fortis,10.02,11.84
1150,1987,14346,fortis,10.02,11.93
1151,1987,15073,fortis,10.03,10.66
1152,1987,5860,fortis,10.05,11.55
1153,1987,15681,fortis,10.06,12.29
1154,1987,14817,fortis,10.07,11.5
1155,1987,14618,fortis,10.08,11.16
1156,1987,13300,fortis,10.09,11.06
1157,1987,15183,fortis,10.1,11.2
1158,1987,13413,fortis,10.1,11.3
1159,1987,15897,fortis,10.1,11.6
1160,1987,15249,fortis,10.1,11.7
1161,1987,15199,fortis,10.11,11.34
1162,1987,15920,fortis,10.11,11.44
1163,1987,15099,fortis,10.11,11.49
1164,1987,14865,fortis,10.11,11.74
1165,1987,14333,fortis,10.12,11.03
1166,1987,5789,fortis,10.12,11.28
1167,1987,15309,fortis,10.12,11.45
1168,1987,15317,fortis,10.12,11.84
1169,1987,14895,fortis,10.13,10.96
1170,1987,14738,fortis,10.13,11.26
1171,1987,14926,fortis,10.13,12.66
1172,1987,15448,fortis,10.13,13.96
1173,1987,14812,fortis,10.15,11.05
1174,1987,5960,fortis,10.15,11.4
1175,1987,15461,fortis,10.16,11.44
1176,1987,4677,fortis,10.17,11.02
1177,1987,13595,fortis,10.17,11.4
1178,1987,14656,fortis,10.17,11.9
1179,1987,14657,fortis,10.2,10.25
1180,1987,14992,fortis,10.2,11.0
1181,1987,14777,fortis,10.2,11.6
1182,1987,15304,fortis,10.2,12.3
1183,1987,14619,fortis,10.21,11.54
1184,1987,14753,fortis,10.21,11.54
1185,1987,14650,fortis,10.21,11.74
1186,1987,15315,fortis,10.21,11.74
1187,1987,14627,fortis,10.23,10.86
1188,1987,15295,fortis,10.23,11.96
1189,1987,10658,fortis,10.27,11.15
1190,1987,4946,fortis,10.27,11.42
1191,1987,14655,fortis,10.29,11.33
1192,1987,5731,fortis,10.3,10.8
1193,1987,5559,fortis,10.3,11.0
1194,1987,15338,fortis,10.3,11.1
1195,1987,10622,fortis,10.3,11.3
1196,1987,2984,fortis,10.3,11.4
1197,1987,14851,fortis,10.3,11.4
1198,1987,5060,fortis,10.3,11.8
1199,1987,14003,fortis,10.32,11.8
1200,1987,5844,fortis,10.32,11.83
1201,1987,14805,fortis,10.33,11.06
1202,1987,3527,fortis,10.33,11.79
1203,1987,14919,fortis,10.33,11.87
1204,1987,15830,fortis,10.33,12.27
1205,1987,14468,fortis,10.34,11.83
1206,1987,5847,fortis,10.34,11.93
1207,1987,2753,fortis,10.35,10.89
1208,1987,15471,fortis,10.35,11.6
1209,1987,15609,fortis,10.35,11.8
1210,1987,15444,fortis,10.35,12.85
1211,1987,15025,fortis,10.37,11.29
1212,1987,14873,fortis,10.4,11.6
1213,1987,15101,fortis,10.4,11.7
1214,1987,15458,fortis,10.4,11.9
1215,1987,15037,fortis,10.4,12.0
1216,1987,15171,fortis,10.4,12.0
1217,1987,14925,fortis,10.4,12.75
1218,1987,15411,fortis,10.41,12.24
1219,1987,14616,fortis,10.42,11.65
1220,1987,14922,fortis,10.43,11.76
1221,1987,5905,fortis,10.43,11.86
1222,1987,4993,fortis,10.45,11.44
1223,1987,14662,fortis,10.5,11.0
1224,1987,5904,fortis,10.5,11.1
1225,1987,10181,fortis,10.5,11.1
1226,1987,15702,fortis,10.5,11.7
1227,1987,5543,fortis,10.5,11.8
1228,1987,720,fortis,10.5,12.2
1229,1987,15413,fortis,10.51,11.54
1230,1987,15392,fortis,10.51,11.64
1231,1987,15947,fortis,10.51,11.94
1232,1987,15955,fortis,10.51,12.34
1233,1987,15021,fortis,10.52,11.0
1234,1987,14625,fortis,10.52,11.84
1235,1987,14651,fortis,10.52,11.84
1236,1987,14848,fortis,10.53,11.36
1237,1987,15147,fortis,10.53,11.46
1238,1987,15980,fortis,10.53,11.56
1239,1987,4876,fortis,10.55,10.34
1240,1987,1469,fortis,10.56,11.73
1241,1987,15372,fortis,10.57,12.25
1242,1987,5649,fortis,10.59,11.55
1243,1987,3393,fortis,10.6,11.7
1244,1987,15216,fortis,10.6,11.9
1245,1987,15688,fortis,10.61,11.54
1246,1987,5821,fortis,10.62,12.32
1247,1987,14870,fortis,10.67,11.95
1248,1987,13407,fortis,10.68,11.27
1249,1987,14993,fortis,10.7,12.3
1250,1987,14663,fortis,10.72,11.65
1251,1987,14991,fortis,10.72,12.4
1252,1987,15170,fortis,10.72,12.84
1253,1987,14804,fortis,10.73,11.76
1254,1987,1774,fortis,10.75,11.9
1255,1987,14149,fortis,10.8,10.9
1256,1987,14622,fortis,10.8,11.0
1257,1987,15948,fortis,10.8,11.6
1258,1987,2536,fortis,10.84,11.44
1259,1987,14624,fortis,10.85,11.85
1260,1987,2743,fortis,10.85,12.1
1261,1987,5370,fortis,10.88,12.73
1262,1987,14706,fortis,10.9,11.5
1263,1987,15825,fortis,10.9,11.8
1264,1987,10178,fortis,11.0,11.7
1265,1987,15910,fortis,11.0,11.85
1266,1987,15976,fortis,11.0,12.2
1267,1987,14550,fortis,11.02,13.65
1268,1987,13487,fortis,11.07,11.78
1269,1987,14649,fortis,11.1,11.7
1270,1987,4986,fortis,11.17,11.87
1271,1987,15651,fortis,11.2,12.8
1272,1987,15954,fortis,11.21,12.04
1273,1987,15905,fortis,11.38,11.46
1274,1987,14442,fortis,11.38,11.53
1275,1987,14408,fortis,11.49,11.23
1276,1987,15877,fortis,11.53,12.26
1277,1987,5110,fortis,12.37,14.07
1278,1987,3597,fortis,12.7,13.03
1279,1987,15718,scandens,7.77,10.75
1280,1987,5594,scandens,7.94,13.73
1281,1987,15235,scandens,7.96,14.04
1282,1987,15252,scandens,8.0,12.5
1283,1987,15847,scandens,8.01,12.64
1284,1987,15139,scandens,8.23,12.66
1285,1987,15237,scandens,8.3,13.0
1286,1987,4045,scandens,8.36,13.15
1287,1987,8443,scandens,8.37,13.96
1288,1987,15798,scandens,8.4,13.15
1289,1987,14786,scandens,8.4,13.7
1290,1987,364,scandens,8.4,14.0
1291,1987,10001,scandens,8.41,13.43
1292,1987,15119,scandens,8.5,14.0
1293,1987,15676,scandens,8.5,14.9
1294,1987,15476,scandens,8.6,13.6
1295,1987,14576,scandens,8.6,13.8
1296,1987,15419,scandens,8.6,14.9
1297,1987,15635,scandens,8.61,13.94
1298,1987,2733,scandens,8.67,14.81
1299,1987,15751,scandens,8.7,12.5
1300,1987,14834,scandens,8.7,13.75
1301,1987,4109,scandens,8.7,14.0
1302,1987,15901,scandens,8.7,14.5
1303,1987,14830,scandens,8.7,14.7
1304,1987,15086,scandens,8.72,14.05
1305,1987,15986,scandens,8.72,14.17
1306,1987,4223,scandens,8.77,15.07
1307,1987,15725,scandens,8.8,11.5
1308,1987,13554,scandens,8.8,13.5
1309,1987,15407,scandens,8.8,13.87
1310,1987,3425,scandens,8.8,14.9
1311,1987,15704,scandens,8.81,12.34
1312,1987,15102,scandens,8.81,14.34
1313,1987,5582,scandens,8.87,15.07
1314,1987,15121,scandens,8.88,14.01
1315,1987,10770,scandens,8.89,12.86
1316,1987,14755,scandens,8.9,13.6
1317,1987,13555,scandens,8.9,13.8
1318,1987,15765,scandens,8.9,13.85
1319,1987,15243,scandens,8.9,13.9
1320,1987,8441,scandens,8.9,14.1
1321,1987,10067,scandens,8.9,14.1
1322,1987,15406,scandens,8.9,14.2
1323,1987,15234,scandens,8.9,14.3
1324,1987,15608,scandens,8.9,14.9
1325,1987,14758,scandens,8.91,13.84
1326,1987,14835,scandens,8.91,14.09
1327,1987,15882,scandens,8.92,14.05
1328,1987,14787,scandens,8.93,14.15
1329,1987,14727,scandens,8.93,14.25
1330,1987,5351,scandens,8.95,13.6
1331,1987,15859,scandens,8.95,14.57
1332,1987,15721,scandens,8.96,11.89
1333,1987,5663,scandens,8.97,13.8
1334,1987,2543,scandens,8.97,14.21
1335,1987,5013,scandens,8.99,14.76
1336,1987,10394,scandens,9.0,12.07
1337,1987,17548,scandens,9.0,13.9
1338,1987,14647,scandens,9.0,14.1
1339,1987,13548,scandens,9.0,14.3
1340,1987,5345,scandens,9.0,14.95
1341,1987,15760,scandens,9.01,14.34
1342,1987,15685,scandens,9.02,13.84
1343,1987,14731,scandens,9.02,14.04
1344,1987,14906,scandens,9.02,14.14
1345,1987,15330,scandens,9.03,12.56
1346,1987,4577,scandens,9.04,15.14
1347,1987,4744,scandens,9.05,14.35
1348,1987,10984,scandens,9.05,14.85
1349,1987,14759,scandens,9.06,14.04
1350,1987,15639,scandens,9.1,14.2
1351,1987,15090,scandens,9.1,14.3
1352,1987,4221,scandens,9.1,14.5
1353,1987,15422,scandens,9.1,14.5
1354,1987,15441,scandens,9.1,14.6
1355,1987,15736,scandens,9.1,15.0
1356,1987,4683,scandens,9.13,13.6
1357,1987,14768,scandens,9.13,14.65
1358,1987,5375,scandens,9.14,14.03
1359,1987,14843,scandens,9.18,14.16
1360,1987,2554,scandens,9.2,13.83
1361,1987,14995,scandens,9.2,14.2
1362,1987,15638,scandens,9.2,14.35
1363,1987,15837,scandens,9.2,14.45
1364,1987,10002,scandens,9.21,14.64
1365,1987,14584,scandens,9.21,15.04
1366,1987,14730,scandens,9.22,13.9
1367,1987,3458,scandens,9.24,14.34
1368,1987,5911,scandens,9.24,14.53
1369,1987,2760,scandens,9.25,14.2
1370,1987,15812,scandens,9.25,14.85
1371,1987,5367,scandens,9.25,15.1
1372,1987,10174,scandens,9.25,15.2
1373,1987,1645,scandens,9.26,13.5
1374,1987,4090,scandens,9.26,14.95
1375,1987,5576,scandens,9.28,13.83
1376,1987,14975,scandens,9.28,13.95
1377,1987,2877,scandens,9.28,15.09
1378,1987,10206,scandens,9.3,13.43
1379,1987,4778,scandens,9.3,13.7
1380,1987,5322,scandens,9.3,14.0
1381,1987,10207,scandens,9.3,14.15
1382,1987,10740,scandens,9.3,14.75
1383,1987,8450,scandens,9.3,14.9
1384,1987,10517,scandens,9.3,15.0
1385,1987,2758,scandens,9.32,13.56
1386,1987,14729,scandens,9.33,14.26
1387,1987,10743,scandens,9.34,13.83
1388,1987,13527,scandens,9.34,14.53
1389,1987,8444,scandens,9.34,14.84
1390,1987,15738,scandens,9.35,15.0
1391,1987,2445,scandens,9.37,13.76
1392,1987,5931,scandens,9.37,13.9
1393,1987,14728,scandens,9.37,14.29
1394,1987,15615,scandens,9.37,14.63
1395,1987,14646,scandens,9.38,14.3
1396,1987,13526,scandens,9.4,13.6
1397,1987,15343,scandens,9.4,14.4
1398,1987,10105,scandens,9.4,14.9
1399,1987,14645,scandens,9.4,14.9
1400,1987,2433,scandens,9.42,14.34
1401,1987,10268,scandens,9.43,14.53
1402,1987,10245,scandens,9.45,14.65
1403,1987,4706,scandens,9.5,14.8
1404,1987,14918,scandens,9.5,16.0
1405,1987,15694,scandens,9.51,13.14
1406,1987,15421,scandens,9.51,14.44
1407,1987,14208,scandens,9.52,12.73
1408,1987,1396,scandens,9.54,15.04
1409,1987,1444,scandens,9.55,14.85
1410,1987,4051,scandens,9.6,14.2
1411,1987,10061,scandens,9.6,15.2
1412,1987,4701,scandens,9.6,16.0
1413,1987,13257,scandens,9.62,14.47
1414,1987,2949,scandens,9.64,14.54
1415,1987,14946,scandens,9.65,14.9
1416,1987,5656,scandens,9.7,14.9
1417,1987,5608,scandens,9.7,15.8
1418,1987,15352,scandens,9.73,13.46
1419,1987,15817,scandens,9.73,14.77
1420,1987,4119,scandens,9.74,14.44
1421,1987,10223,scandens,9.8,15.2
1422,1987,2969,scandens,9.8,16.0
1423,1987,14648,scandens,9.82,14.4
1424,1987,15658,scandens,9.85,14.45
1425,1987,13256,scandens,9.85,15.35
1426,1987,8425,scandens,9.9,14.2
1427,1987,14524,scandens,9.9,15.3
1428,1987,10075,scandens,9.94,14.27
1429,1987,4137,scandens,10.0,15.8
1430,1987,14847,scandens,10.1,15.3
1431,1987,15886,scandens,10.11,11.24
1432,1987,14877,scandens,10.27,15.2
1433,1987,8036,scandens,10.34,15.44
1434,1987,14579,scandens,11.33,14.96
1435,1991,2639,fortis,8.95,10.3
1436,1991,2666,fortis,9.3,12.81
1437,1991,2753,fortis,10.35,10.89
1438,1991,2776,fortis,10.0,11.3
1439,1991,4229,fortis,8.62,10.05
1440,1991,4677,fortis,10.17,11.02
1441,1991,4715,fortis,8.7,10.4
1442,1991,4899,fortis,9.7,10.87
1443,1991,4911,fortis,9.7,11.0
1444,1991,4936,fortis,9.05,10.0
1445,1991,4946,fortis,10.27,11.42
1446,1991,5026,fortis,9.8,10.9
1447,1991,5110,fortis,12.37,14.07
1448,1991,5370,fortis,10.88,12.73
1449,1991,5505,fortis,9.8,11.4
1450,1991,5555,fortis,8.42,9.04
1451,1991,5578,fortis,7.65,9.8
1452,1991,5586,fortis,9.67,10.2
1453,1991,5602,fortis,8.74,10.83
1454,1991,5625,fortis,9.86,10.94
1455,1991,5626,fortis,8.89,11.1
1456,1991,5669,fortis,8.9,10.4
1457,1991,5685,fortis,8.55,9.8
1458,1991,5721,fortis,8.9,11.1
1459,1991,5731,fortis,10.3,10.8
1460,1991,5821,fortis,10.62,12.32
1461,1991,5826,fortis,9.2,10.55
1462,1991,5860,fortis,10.05,11.55
1463,1991,5872,fortis,8.8,11.8
1464,1991,5887,fortis,8.4,10.18
1465,1991,5904,fortis,10.5,11.1
1466,1991,5905,fortis,10.43,11.86
1467,1991,5921,fortis,9.87,11.2
1468,1991,5927,fortis,9.2,10.7
1469,1991,5960,fortis,10.15,11.4
1470,1991,10081,fortis,9.5,10.9
1471,1991,10100,fortis,8.45,10.93
1472,1991,10102,fortis,9.08,10.98
1473,1991,10181,fortis,10.5,11.1
1474,1991,10213,fortis,9.2,10.7
1475,1991,10305,fortis,9.9,11.82
1476,1991,10376,fortis,7.68,9.28
1477,1991,10679,fortis,10.0,10.9
1478,1991,10826,fortis,9.4,11.2
1479,1991,13269,fortis,8.7,9.4
1480,1991,13300,fortis,10.09,11.06
1481,1991,13351,fortis,8.35,10.0
1482,1991,13385,fortis,8.87,11.2
1483,1991,13486,fortis,9.07,9.98
1484,1991,13543,fortis,8.1,10.3
1485,1991,13575,fortis,8.93,11.0
1486,1991,13595,fortis,10.17,11.4
1487,1991,13644,fortis,9.5,10.5
1488,1991,13687,fortis,8.77,10.67
1489,1991,13704,fortis,9.47,10.67
1490,1991,13837,fortis,9.72,11.58
1491,1991,13945,fortis,9.74,10.43
1492,1991,13975,fortis,9.9,11.0
1493,1991,13994,fortis,8.64,10.18
1494,1991,14003,fortis,10.32,11.8
1495,1991,14041,fortis,9.2,10.0
1496,1991,14062,fortis,9.2,10.7
1497,1991,14100,fortis,9.2,10.6
1498,1991,14117,fortis,10.0,10.6
1499,1991,14258,fortis,8.91,10.76
1500,1991,14347,fortis,9.12,10.63
1501,1991,14442,fortis,11.38,11.53
1502,1991,14468,fortis,10.34,11.83
1503,1991,14478,fortis,8.95,10.9
1504,1991,14492,fortis,9.6,11.2
1505,1991,14518,fortis,9.17,10.72
1506,1991,14533,fortis,8.92,11.1
1507,1991,14612,fortis,7.95,9.27
1508,1991,14613,fortis,7.0,9.1
1509,1991,14620,fortis,9.85,10.7
1510,1991,14624,fortis,10.85,11.85
1511,1991,14625,fortis,10.52,11.84
1512,1991,14633,fortis,9.78,11.29
1513,1991,14655,fortis,10.29,11.33
1514,1991,14656,fortis,10.17,11.9
1515,1991,14660,fortis,9.92,11.14
1516,1991,14672,fortis,9.12,10.54
1517,1991,14674,fortis,9.8,10.5
1518,1991,14676,fortis,9.57,11.0
1519,1991,14678,fortis,9.6,11.5
1520,1991,14681,fortis,8.96,9.94
1521,1991,14684,fortis,8.9,10.7
1522,1991,14686,fortis,8.31,10.74
1523,1991,14687,fortis,9.5,11.5
1524,1991,14689,fortis,9.96,11.2
1525,1991,14692,fortis,9.15,11.25
1526,1991,14694,fortis,8.7,10.8
1527,1991,14705,fortis,9.4,10.5
1528,1991,14706,fortis,10.9,11.5
1529,1991,14710,fortis,9.65,11.65
1530,1991,14720,fortis,9.52,12.0
1531,1991,14722,fortis,9.47,12.15
1532,1991,14723,fortis,9.1,12.0
1533,1991,14741,fortis,9.06,11.04
1534,1991,14745,fortis,10.0,11.5
1535,1991,14752,fortis,10.0,11.9
1536,1991,14762,fortis,8.5,10.3
1537,1991,14763,fortis,8.81,10.19
1538,1991,14777,fortis,10.2,11.6
1539,1991,14783,fortis,9.86,11.39
1540,1991,14784,fortis,9.11,11.34
1541,1991,14788,fortis,9.0,12.0
1542,1991,14796,fortis,9.82,11.15
1543,1991,14797,fortis,8.8,10.37
1544,1991,14808,fortis,8.9,11.6
1545,1991,14811,fortis,8.9,10.33
1546,1991,14812,fortis,10.15,11.05
1547,1991,14818,fortis,10.0,11.0
1548,1991,14822,fortis,8.3,10.0
1549,1991,14841,fortis,8.87,9.9
1550,1991,14846,fortis,9.01,10.04
1551,1991,14854,fortis,9.2,10.75
1552,1991,14856,fortis,9.81,11.24
1553,1991,14858,fortis,8.8,10.9
1554,1991,14866,fortis,9.6,11.7
1555,1991,14873,fortis,10.4,11.6
1556,1991,14879,fortis,9.2,10.7
1557,1991,14880,fortis,8.72,9.84
1558,1991,14890,fortis,8.4,10.9
1559,1991,14900,fortis,9.45,11.0
1560,1991,14901,fortis,9.3,10.1
1561,1991,14902,fortis,8.6,10.0
1562,1991,14909,fortis,8.3,10.0
1563,1991,14912,fortis,8.28,9.64
1564,1991,14913,fortis,7.41,9.14
1565,1991,14915,fortis,9.0,11.0
1566,1991,14919,fortis,10.33,11.87
1567,1991,14925,fortis,10.4,12.75
1568,1991,14930,fortis,9.9,11.2
1569,1991,14939,fortis,8.45,10.2
1570,1991,14955,fortis,9.91,11.74
1571,1991,14956,fortis,9.27,10.85
1572,1991,14957,fortis,9.5,11.8
1573,1991,14958,fortis,9.56,11.29
1574,1991,14963,fortis,9.8,11.0
1575,1991,14970,fortis,8.5,9.8
1576,1991,14971,fortis,9.8,11.0
1577,1991,14978,fortis,8.1,9.7
1578,1991,14983,fortis,7.32,8.83
1579,1991,15001,fortis,9.7,11.4
1580,1991,15004,fortis,9.63,10.5
1581,1991,15005,fortis,8.71,11.29
1582,1991,15014,fortis,8.02,11.04
1583,1991,15015,fortis,9.8,11.2
1584,1991,15018,fortis,8.71,9.64
1585,1991,15025,fortis,10.37,11.29
1586,1991,15027,fortis,9.17,10.37
1587,1991,15037,fortis,10.4,12.0
1588,1991,15041,fortis,9.5,11.1
1589,1991,15047,fortis,9.11,10.35
1590,1991,15049,fortis,9.61,11.54
1591,1991,15054,fortis,9.0,10.3
1592,1991,15065,fortis,9.11,11.09
1593,1991,15066,fortis,9.1,11.4
1594,1991,15079,fortis,8.36,9.89
1595,1991,15106,fortis,8.25,10.0
1596,1991,15111,fortis,8.31,10.24
1597,1991,15125,fortis,9.2,10.6
1598,1991,15127,fortis,8.42,9.24
1599,1991,15150,fortis,9.87,10.94
1600,1991,15153,fortis,9.07,10.57
1601,1991,15154,fortis,7.95,9.4
1602,1991,15158,fortis,9.6,12.1
1603,1991,15170,fortis,10.72,12.84
1604,1991,15172,fortis,9.72,11.84
1605,1991,15182,fortis,8.9,10.1
1606,1991,15183,fortis,10.1,11.2
1607,1991,15188,fortis,8.47,10.74
1608,1991,15197,fortis,9.67,11.04
1609,1991,15210,fortis,9.61,11.44
1610,1991,15220,fortis,8.82,10.24
1611,1991,15223,fortis,8.9,11.6
1612,1991,15225,fortis,7.8,10.8
1613,1991,15229,fortis,8.96,10.99
1614,1991,15230,fortis,9.03,10.1
1615,1991,15232,fortis,8.98,10.52
1616,1991,15238,fortis,9.4,10.4
1617,1991,15241,fortis,9.0,10.8
1618,1991,15244,fortis,8.8,11.15
1619,1991,15246,fortis,8.76,10.64
1620,1991,15261,fortis,9.21,11.34
1621,1991,15263,fortis,9.21,10.39
1622,1991,15277,fortis,7.9,9.95
1623,1991,15281,fortis,9.92,12.17
1624,1991,15284,fortis,7.3,9.2
1625,1991,15285,fortis,7.92,9.34
1626,1991,15286,fortis,8.2,9.2
1627,1991,15288,fortis,8.35,10.95
1628,1991,15289,fortis,9.3,11.15
1629,1991,15291,fortis,10.0,11.7
1630,1991,15309,fortis,10.12,11.45
1631,1991,15313,fortis,8.87,10.04
1632,1991,15317,fortis,10.12,11.84
1633,1991,15337,fortis,8.97,10.47
1634,1991,15339,fortis,9.6,10.9
1635,1991,15346,fortis,9.4,11.8
1636,1991,15359,fortis,9.12,11.04
1637,1991,15376,fortis,9.35,10.9
1638,1991,15383,fortis,9.87,11.7
1639,1991,15385,fortis,9.8,11.1
1640,1991,15389,fortis,9.1,10.83
1641,1991,15392,fortis,10.51,11.64
1642,1991,15396,fortis,9.27,10.63
1643,1991,15402,fortis,8.36,9.99
1644,1991,15408,fortis,9.15,11.2
1645,1991,15412,fortis,9.07,10.5
1646,1991,15428,fortis,9.3,11.15
1647,1991,15431,fortis,8.91,11.29
1648,1991,15444,fortis,10.35,12.85
1649,1991,15464,fortis,8.65,9.45
1650,1991,15471,fortis,10.35,11.6
1651,1991,15478,fortis,9.77,11.1
1652,1991,15484,fortis,7.45,9.7
1653,1991,15601,fortis,9.2,10.9
1654,1991,15607,fortis,9.7,11.0
1655,1991,15621,fortis,9.8,11.6
1656,1991,15648,fortis,9.5,10.9
1657,1991,15650,fortis,9.93,11.06
1658,1991,15651,fortis,11.2,12.8
1659,1991,15659,fortis,8.91,11.04
1660,1991,15665,fortis,9.91,11.14
1661,1991,15667,fortis,9.62,10.84
1662,1991,15679,fortis,8.4,10.0
1663,1991,15681,fortis,10.06,12.29
1664,1991,15695,fortis,7.5,9.5
1665,1991,15702,fortis,10.5,11.7
1666,1991,15706,fortis,8.5,10.0
1667,1991,15726,fortis,7.42,9.04
1668,1991,15727,fortis,9.25,11.0
1669,1991,15734,fortis,9.5,10.9
1670,1991,15757,fortis,8.7,10.57
1671,1991,15761,fortis,8.6,11.3
1672,1991,15779,fortis,7.86,9.74
1673,1991,15788,fortis,9.35,10.75
1674,1991,15822,fortis,9.07,10.49
1675,1991,15830,fortis,10.33,12.27
1676,1991,15838,fortis,9.4,11.1
1677,1991,15840,fortis,9.55,10.85
1678,1991,15845,fortis,8.4,10.4
1679,1991,15854,fortis,8.91,10.64
1680,1991,15857,fortis,9.76,11.94
1681,1991,15863,fortis,9.07,11.69
1682,1991,15873,fortis,8.0,10.0
1683,1991,15885,fortis,9.5,10.8
1684,1991,15897,fortis,10.1,11.6
1685,1991,15914,fortis,7.81,9.24
1686,1991,15915,fortis,8.31,10.74
1687,1991,15920,fortis,10.11,11.44
1688,1991,15929,fortis,9.45,11.6
1689,1991,15930,fortis,9.77,12.05
1690,1991,15934,fortis,9.11,11.14
1691,1991,15939,fortis,9.5,10.5
1692,1991,15944,fortis,8.3,10.8
1693,1991,15948,fortis,10.8,11.6
1694,1991,15950,fortis,9.35,10.6
1695,1991,15951,fortis,10.0,11.5
1696,1991,15970,fortis,8.5,9.83
1697,1991,15973,fortis,8.06,10.19
1698,1991,15977,fortis,8.32,9.84
1699,1991,15978,fortis,8.76,10.39
1700,1991,15979,fortis,9.82,11.04
1701,1991,15983,fortis,8.71,10.54
1702,1991,15995,fortis,8.52,9.94
1703,1991,16007,fortis,8.22,10.04
1704,1991,16016,fortis,8.8,9.97
1705,1991,16024,fortis,7.4,9.0
1706,1991,16027,fortis,8.0,10.25
1707,1991,16028,fortis,9.65,11.1
1708,1991,16044,fortis,8.9,10.75
1709,1991,16091,fortis,7.7,9.33
1710,1991,16093,fortis,8.4,10.5
1711,1991,16095,fortis,8.15,10.0
1712,1991,16096,fortis,8.8,10.6
1713,1991,16135,fortis,9.4,11.5
1714,1991,16141,fortis,10.6,11.6
1715,1991,16143,fortis,10.1,11.4
1716,1991,16144,fortis,10.4,11.3
1717,1991,16145,fortis,9.4,10.8
1718,1991,16146,fortis,10.1,11.2
1719,1991,16148,fortis,9.5,10.8
1720,1991,16149,fortis,9.8,11.5
1721,1991,16150,fortis,10.3,11.65
1722,1991,16165,fortis,8.0,9.7
1723,1991,16167,fortis,8.85,10.55
1724,1991,16173,fortis,9.7,11.13
1725,1991,16176,fortis,9.6,10.9
1726,1991,16184,fortis,9.25,11.05
1727,1991,16190,fortis,9.2,10.7
1728,1991,16197,fortis,9.2,10.7
1729,1991,16301,fortis,9.1,10.4
1730,1991,16306,fortis,10.2,11.3
1731,1991,16309,fortis,8.6,10.9
1732,1991,16310,fortis,9.0,11.0
1733,1991,16315,fortis,8.8,10.9
1734,1991,16316,fortis,8.1,10.8
1735,1991,16317,fortis,8.2,10.2
1736,1991,16319,fortis,9.0,10.8
1737,1991,16331,fortis,9.8,10.9
1738,1991,16333,fortis,9.1,10.2
1739,1991,16336,fortis,9.9,12.5
1740,1991,16337,fortis,9.2,11.3
1741,1991,16341,fortis,9.5,10.3
1742,1991,16344,fortis,8.5,9.4
1743,1991,16356,fortis,9.4,11.05
1744,1991,16360,fortis,9.4,10.7
1745,1991,16367,fortis,8.6,9.7
1746,1991,16374,fortis,9.0,10.6
1747,1991,16378,fortis,9.8,11.55
1748,1991,16380,fortis,9.2,11.0
1749,1991,16385,fortis,8.8,10.8
1750,1991,16386,fortis,8.27,9.53
1751,1991,16387,fortis,10.3,11.9
1752,1991,16391,fortis,9.2,10.6
1753,1991,16394,fortis,9.6,10.8
1754,1991,16395,fortis,9.8,11.05
1755,1991,16396,fortis,10.3,12.5
1756,1991,16398,fortis,9.8,12.1
1757,1991,16507,fortis,10.1,10.9
1758,1991,16511,fortis,9.3,10.7
1759,1991,16514,fortis,9.5,10.8
1760,1991,16518,fortis,10.0,12.0
1761,1991,16531,fortis,9.95,11.65
1762,1991,16549,fortis,9.0,10.6
1763,1991,16550,fortis,9.05,10.75
1764,1991,16551,fortis,9.0,11.1
1765,1991,16553,fortis,9.2,10.9
1766,1991,16554,fortis,10.4,10.9
1767,1991,16559,fortis,9.9,11.3
1768,1991,16560,fortis,9.6,11.6
1769,1991,16564,fortis,10.3,12.1
1770,1991,16565,fortis,10.0,12.1
1771,1991,16566,fortis,10.2,12.0
1772,1991,16575,fortis,10.5,11.6
1773,1991,16579,fortis,10.4,11.8
1774,1991,16580,fortis,9.3,11.3
1775,1991,16583,fortis,8.5,10.3
1776,1991,16590,fortis,7.7,9.6
1777,1991,16594,fortis,9.9,11.5
1778,1991,16595,fortis,10.3,11.9
1779,1991,16596,fortis,10.5,11.8
1780,1991,16597,fortis,8.8,10.1
1781,1991,16598,fortis,8.8,9.9
1782,1991,16803,fortis,9.85,12.1
1783,1991,16805,fortis,9.5,11.3
1784,1991,16807,fortis,7.5,9.7
1785,1991,16808,fortis,9.45,11.15
1786,1991,16810,fortis,9.1,10.65
1787,1991,16811,fortis,7.5,9.9
1788,1991,16815,fortis,8.9,10.3
1789,1991,16816,fortis,9.8,11.4
1790,1991,16817,fortis,9.7,11.7
1791,1991,16818,fortis,10.1,11.3
1792,1991,16833,fortis,9.4,11.8
1793,1991,16834,fortis,9.0,11.55
1794,1991,16836,fortis,9.9,12.3
1795,1991,16840,fortis,9.0,10.9
1796,1991,16851,fortis,8.6,10.3
1797,1991,16858,fortis,9.4,11.5
1798,1991,16859,fortis,8.65,10.4
1799,1991,16861,fortis,8.7,10.1
1800,1991,16869,fortis,9.65,11.75
1801,1991,16875,fortis,8.1,10.1
1802,1991,16889,fortis,7.8,9.55
1803,1991,16891,fortis,8.0,9.7
1804,1991,16895,fortis,8.3,10.0
1805,1991,17010,fortis,8.9,11.3
1806,1991,17013,fortis,9.3,11.0
1807,1991,17014,fortis,8.2,10.0
1808,1991,17033,fortis,9.3,10.6
1809,1991,17037,fortis,9.03,10.77
1810,1991,17048,fortis,8.3,10.0
1811,1991,17057,fortis,10.1,12.3
1812,1991,17061,fortis,10.0,10.7
1813,1991,17063,fortis,8.6,9.85
1814,1991,17067,fortis,9.1,10.8
1815,1991,17070,fortis,9.2,10.6
1816,1991,17073,fortis,8.53,10.6
1817,1991,17075,fortis,9.0,10.7
1818,1991,17083,fortis,9.6,10.4
1819,1991,17095,fortis,8.9,10.7
1820,1991,17109,fortis,9.0,10.0
1821,1991,17111,fortis,8.7,9.7
1822,1991,17113,fortis,8.6,9.7
1823,1991,17114,fortis,8.6,10.5
1824,1991,17116,fortis,9.3,10.7
1825,1991,17136,fortis,9.1,11.0
1826,1991,17145,fortis,9.9,11.0
1827,1991,17160,fortis,9.3,10.9
1828,1991,17168,fortis,8.3,10.7
1829,1991,17179,fortis,8.37,9.73
1830,1991,17188,fortis,7.9,9.0
1831,1991,17301,fortis,9.2,9.4
1832,1991,17307,fortis,8.0,8.8
1833,1991,17310,fortis,7.9,8.9
1834,1991,17311,fortis,8.7,10.8
1835,1991,17315,fortis,9.0,11.3
1836,1991,17344,fortis,9.6,10.6
1837,1991,17360,fortis,9.8,11.1
1838,1991,17367,fortis,10.2,12.0
1839,1991,17369,fortis,11.2,13.0
1840,1991,17379,fortis,8.6,10.6
1841,1991,17380,fortis,9.2,11.85
1842,1991,17381,fortis,8.5,10.9
1843,1991,17384,fortis,10.3,11.5
1844,1991,17386,fortis,9.9,11.1
1845,1991,17388,fortis,10.2,11.9
1846,1991,17395,fortis,10.0,11.7
1847,1991,17403,fortis,8.0,9.7
1848,1991,17410,fortis,10.4,11.8
1849,1991,17411,fortis,9.1,10.0
1850,1991,17415,fortis,8.7,10.13
1851,1991,17416,fortis,9.1,10.7
1852,1991,17418,fortis,8.9,10.8
1853,1991,17419,fortis,9.0,10.6
1854,1991,17436,fortis,8.3,10.7
1855,1991,17439,fortis,9.7,11.4
1856,1991,17440,fortis,9.2,11.1
1857,1991,17443,fortis,8.8,11.0
1858,1991,17460,fortis,10.0,11.47
1859,1991,17461,fortis,9.0,10.2
1860,1991,17464,fortis,9.7,11.0
1861,1991,17466,fortis,9.6,10.6
1862,1991,17467,fortis,9.5,11.7
1863,1991,17468,fortis,8.8,10.7
1864,1991,17480,fortis,7.5,9.8
1865,1991,17483,fortis,7.8,10.1
1866,1991,17485,fortis,9.0,10.9
1867,1991,17490,fortis,9.9,10.7
1868,1991,17491,fortis,8.9,10.6
1869,1991,17493,fortis,10.5,11.6
1870,1991,17494,fortis,10.7,11.9
1871,1991,17496,fortis,10.0,12.4
1872,1991,17497,fortis,9.0,11.0
1873,1991,17498,fortis,9.7,10.6
1874,1991,17500,fortis,8.9,10.0
1875,1991,17503,fortis,7.9,9.8
1876,1991,17534,fortis,8.95,10.15
1877,1991,17551,fortis,7.7,9.3
1878,1991,17559,fortis,9.8,11.8
1879,1991,17568,fortis,8.9,10.8
1880,1991,17573,fortis,9.0,9.9
1881,1991,17583,fortis,8.4,9.9
1882,1991,17589,fortis,10.4,11.5
1883,1991,17603,fortis,9.17,10.5
1884,1991,17605,fortis,9.1,11.2
1885,1991,17615,fortis,9.4,12.4
1886,1991,17617,fortis,8.2,10.1
1887,1991,17618,fortis,8.1,10.85
1888,1991,17634,fortis,8.85,10.75
1889,1991,17638,fortis,6.9,8.9
1890,1991,17639,fortis,8.9,10.0
1891,1991,17641,fortis,9.5,11.2
1892,1991,17643,fortis,8.7,11.0
1893,1991,17646,fortis,9.9,12.3
1894,1991,17647,fortis,10.2,11.6
1895,1991,17648,fortis,9.4,11.1
1896,1991,17649,fortis,10.6,11.7
1897,1991,17653,fortis,8.4,11.0
1898,1991,17654,fortis,8.6,10.8
1899,1991,17656,fortis,8.2,9.5
1900,1991,17659,fortis,8.8,10.8
1901,1991,17664,fortis,9.2,10.5
1902,1991,17665,fortis,8.1,9.5
1903,1991,17666,fortis,10.5,11.7
1904,1991,17668,fortis,9.5,11.0
1905,1991,17677,fortis,9.0,10.6
1906,1991,17693,fortis,8.8,10.5
1907,1991,17696,fortis,10.1,11.1
1908,1991,17697,fortis,9.6,10.9
1909,1991,17698,fortis,9.6,10.7
1910,1991,17699,fortis,9.5,10.8
1911,1991,17717,fortis,9.65,11.55
1912,1991,17733,fortis,9.4,10.7
1913,1991,17734,fortis,10.0,11.3
1914,1991,17735,fortis,8.8,10.6
1915,1991,17738,fortis,9.9,10.4
1916,1991,17740,fortis,8.7,10.7
1917,1991,17754,fortis,9.0,9.8
1918,1991,17759,fortis,9.7,11.6
1919,1991,17768,fortis,8.4,10.1
1920,1991,17771,fortis,9.8,11.7
1921,1991,17786,fortis,9.6,11.7
1922,1991,17791,fortis,9.8,10.8
1923,1991,17797,fortis,8.5,10.3
1924,1991,17798,fortis,8.85,10.65
1925,1991,17800,fortis,8.9,10.8
1926,1991,17803,fortis,9.2,10.7
1927,1991,17907,fortis,9.0,10.7
1928,1991,17908,fortis,8.8,10.2
1929,1991,17916,fortis,7.4,9.7
1930,1991,17934,fortis,8.7,10.4
1931,1991,17936,fortis,9.0,11.5
1932,1991,17940,fortis,9.8,11.1
1933,1991,17954,fortis,9.2,10.3
1934,1991,17955,fortis,10.0,11.5
1935,1991,17964,fortis,9.5,10.9
1936,1991,17969,fortis,8.8,9.9
1937,1991,17971,fortis,8.8,10.8
1938,1991,17974,fortis,9.0,10.1
1939,1991,17983,fortis,9.0,10.9
1940,1991,17986,fortis,9.0,11.2
1941,1991,17991,fortis,10.65,12.7
1942,1991,17993,fortis,10.5,11.8
1943,1991,17999,fortis,9.5,11.5
1944,1991,2760,scandens,9.25,14.2
1945,1991,3425,scandens,8.8,14.9
1946,1991,4090,scandens,9.26,14.95
1947,1991,4137,scandens,10.0,15.8
1948,1991,4223,scandens,8.77,15.07
1949,1991,4683,scandens,9.13,13.6
1950,1991,4706,scandens,9.5,14.8
1951,1991,4778,scandens,9.3,13.7
1952,1991,5351,scandens,8.95,13.6
1953,1991,5582,scandens,8.87,15.07
1954,1991,5608,scandens,9.7,15.8
1955,1991,5656,scandens,9.7,14.9
1956,1991,10001,scandens,8.41,13.43
1957,1991,10002,scandens,9.21,14.64
1958,1991,10061,scandens,9.6,15.2
1959,1991,10105,scandens,9.4,14.9
1960,1991,10174,scandens,9.25,15.2
1961,1991,10206,scandens,9.3,13.43
1962,1991,10223,scandens,9.8,15.2
1963,1991,10268,scandens,9.43,14.53
1964,1991,10394,scandens,9.0,12.07
1965,1991,10740,scandens,9.3,14.75
1966,1991,13256,scandens,9.85,15.35
1967,1991,13257,scandens,9.62,14.47
1968,1991,13548,scandens,9.0,14.3
1969,1991,14208,scandens,9.52,12.73
1970,1991,14524,scandens,9.9,15.3
1971,1991,14576,scandens,8.6,13.8
1972,1991,14584,scandens,9.21,15.04
1973,1991,14646,scandens,9.38,14.3
1974,1991,14728,scandens,9.37,14.29
1975,1991,14731,scandens,9.02,14.04
1976,1991,14755,scandens,8.9,13.6
1977,1991,14758,scandens,8.91,13.84
1978,1991,14759,scandens,9.06,14.04
1979,1991,14786,scandens,8.4,13.7
1980,1991,14830,scandens,8.7,14.7
1981,1991,14834,scandens,8.7,13.75
1982,1991,14835,scandens,8.91,14.09
1983,1991,14847,scandens,10.1,15.3
1984,1991,14877,scandens,10.27,15.2
1985,1991,14946,scandens,9.65,14.9
1986,1991,14975,scandens,9.28,13.95
1987,1991,14995,scandens,9.2,14.2
1988,1991,15235,scandens,7.96,14.04
1989,1991,15237,scandens,8.3,13.0
1990,1991,15406,scandens,8.9,14.2
1991,1991,15419,scandens,8.6,14.9
1992,1991,15441,scandens,9.1,14.6
1993,1991,15476,scandens,8.6,13.6
1994,1991,15615,scandens,9.37,14.63
1995,1991,15638,scandens,9.2,14.35
1996,1991,15639,scandens,9.1,14.2
1997,1991,15658,scandens,9.85,14.45
1998,1991,15685,scandens,9.02,13.84
1999,1991,15694,scandens,9.51,13.14
2000,1991,15704,scandens,8.81,12.34
2001,1991,15718,scandens,7.77,10.75
2002,1991,15721,scandens,8.96,11.89
2003,1991,15725,scandens,8.8,11.5
2004,1991,15736,scandens,9.1,15.0
2005,1991,15760,scandens,9.01,14.34
2006,1991,15765,scandens,8.9,13.85
2007,1991,15798,scandens,8.4,13.15
2008,1991,15812,scandens,9.25,14.85
2009,1991,15817,scandens,9.73,14.77
2010,1991,15837,scandens,9.2,14.45
2011,1991,15859,scandens,8.95,14.57
2012,1991,15901,scandens,8.7,14.5
2013,1991,15986,scandens,8.72,14.17
2014,1991,16100,scandens,9.6,14.3
2015,1991,16109,scandens,9.3,14.0
2016,1991,16113,scandens,10.4,14.9
2017,1991,16183,scandens,8.9,14.0
2018,1991,16195,scandens,9.3,11.8
2019,1991,16568,scandens,8.4,12.15
2020,1991,16569,scandens,8.6,12.7
2021,1991,16585,scandens,8.9,13.7
2022,1991,16600,scandens,10.1,15.0
2023,1991,16873,scandens,8.9,14.4
2024,1991,17001,scandens,8.8,12.8
2025,1991,17004,scandens,9.25,14.05
2026,1991,17099,scandens,8.6,13.3
2027,1991,17140,scandens,8.7,13.1
2028,1991,17143,scandens,8.4,12.9
2029,1991,17153,scandens,9.5,14.8
2030,1991,17176,scandens,8.65,14.15
2031,1991,17305,scandens,9.0,14.4
2032,1991,17353,scandens,9.0,14.6
2033,1991,17374,scandens,8.5,13.0
2034,1991,17474,scandens,9.75,14.6
2035,1991,17475,scandens,9.1,13.8
2036,1991,17504,scandens,9.3,13.9
2037,1991,17505,scandens,8.6,13.6
2038,1991,17548,scandens,9.0,13.9
2039,1991,17658,scandens,9.1,14.3
2040,1991,17673,scandens,8.2,14.7
2041,1991,17674,scandens,8.1,13.5
2042,1991,17685,scandens,9.4,14.0
2043,1991,17764,scandens,9.0,13.1
2044,1991,17779,scandens,8.8,12.9
2045,1991,17788,scandens,10.1,14.6
2046,1991,17795,scandens,8.8,13.3
2047,1991,17901,scandens,9.5,14.8
2048,1991,17915,scandens,8.3,11.8
2049,1991,17930,scandens,8.7,12.8
2050,1991,17939,scandens,8.6,12.6
2051,1991,17947,scandens,7.9,11.8
2052,1991,17950,scandens,8.7,10.3
2053,1991,17953,scandens,9.5,11.1
2054,1991,17956,scandens,9.0,13.7
2055,1991,17963,scandens,8.9,13.8
